<?xml version="1.0" encoding="UTF-8"?>
<metadata xml:lang="nl"><Esri><CreaDate>20121114</CreaDate><CreaTime>14325500</CreaTime><ArcGISFormat>1.0</ArcGISFormat><SyncOnce>TRUE</SyncOnce><DataProperties><itemProps><itemLocation><linkage Sync="TRUE">file://\\fs\shared\datac\geo\marbound\versioning\v7\land_EEZ_dissolved_cleaned</linkage><protocol Sync="TRUE">Local Area Network</protocol></itemLocation></itemProps><copyHistory><copy source="G:\marbound\versioning\v7\derivedproducts\derivedproductEEZ\land_EEZ_dissolved_cleaned" dest="\\fs\shared\datac\geo\marbound\versioning\v7\land_EEZ_dissolved_cleaned" date="20121114" time="14325500"></copy></copyHistory></DataProperties></Esri></metadata>
